PMID	URL
32484556	https://arn.ugr.es/mirnaqc/
20497995	https://dialign-tx.gobics.de/submission
21646336	http://phylemon.bioinfo.cipf.es/
20501602	http://wiws.cmbi.ru.nl/wsdl/
28472523	http://rna.informatik.uni-freiburg.de/IntaRNA/Input.jsp
32313938	https://speed2.sys-bio.net/
24829457	https://absynth.issb.genopole.fr/PrecisePrimer
32255179	http://danioffenlab.pythonanywhere.com/BE-FF
21565800	http://rtools.cbrc.jp/centroidhomfold/
25958391	https://www.cosbi.eu/SCUDO/
28535294	http://hgva.opencb.org/
27137889	
32338743	https://varfish-kiosk.bihealth.org/
31251384	http://bioinf.cs.ucl.ac.uk/psipred/
22669909	https://www.jcvi.org/vigor
29878235	http://lolaweb.databio.org/
25958393	https://navicell.curie.fr/
26032772	http://i-coms.leloir.org.ar/
28472374	
20542915	http://dna.ccs.tulane.edu/icm/
28460038	https://antismash.secondarymetabolites.org/
31147707	http://www.rnanut.net/lncompare/
22689639	http://bioinfo.utu.fi/BiForceToolbox/
21609950	q4md-forcefieldtools.org
31114899	https://snps.biofold.org/fido-snp/index.html
21576233	http://cospi.iiserpune.ac.in/depth/
21576217	
31069376	https://amp.pharm.mssm.edu/modEnrichr/
31114926	https://arn.ugr.es/srnatoolbox/
25958392	http://genetics.mgh.harvard.edu/phylogene/
24792167	http://biomet-toolbox.chalmers.se/
31106328	http://molsim.sci.univr.it/mangesh/index.php
28431173	
