URL	ID
http://sgedg.weizmann.ac.il/lpc	http...sgedg.weizmann.ac.il.lpc
http://www.rcsb.org/pdb/	http...www.rcsb.org.pdb
http://bioinfo.mshri.on.ca/BIND/asn-browser/	http...bioinfo.mshri.on.ca.BIND.asn-browser
http://www.cbs.dtu.dk/services/TMHMM/	http...www.cbs.dtu.dk.services.TMHMM
http://rgd.mcw.edu	http...rgd.mcw.edu
http://www.bork.embl-heidelberg.de/AnDom	http...www.bork.embl-heidelberg.de.AnDom
http://bioinformatics.org/pecop	http...bioinformatics.org.pecop
http://bind.ca	http...bind.ca
http://kinemage.biochem.duke.edu	http...kinemage.biochem.duke.edu
http://www.phylofoot.org/	http...www.phylofoot.org
http://redpoll.pharmacy.ualberta.ca/vadar	http...redpoll.pharmacy.ualberta.ca.vadar
http://biunit.aist-nara.ac.jp/matras	http...biunit.aist-nara.ac.jp.matras
http://rna.tbi.univie.ac.at/	http...rna.tbi.univie.ac.at
http://baboon.math.berkeley.edu/mavid/	http...baboon.math.berkeley.edu.mavid
http://trantor.bioc.columbia.edu/Target_Explorer/	http...trantor.bioc.columbia.edu.Target_Explorer
http://www.loria.fr/mreps/	http...www.loria.fr.mreps
http://www.genoscope.cns.fr/agc/tools/amigene/index.html	http...www.genoscope.cns.fr.agc.tools.amigene.index.html
http://www.ch.embnet.org	http...www.ch.embnet.org
http://icb.mssm.edu/crt/RbDe	http...icb.mssm.edu.crt.RbDe
http://augustus.gobics.de	http...augustus.gobics.de
http://www.gene.ucl.ac.uk/cgi-bin/nomenclature/searchgenes.pl	http...www.gene.ucl.ac.uk.cgi-bin.nomenclature.searchgenes.pl
http://athena.bioc.uvic.ca/pbr/jdotter/	http...athena.bioc.uvic.ca.pbr.jdotter
http://psfs.cbrc.jp/tmbeta-net/	http...psfs.cbrc.jp.tmbeta-net
http://www.ar.embnet.org/SMS	http...www.ar.embnet.org.SMS
http://pedro.man.ac.uk/	http...pedro.man.ac.uk
http://dialign.gobics.de/chaos-dialign-submission	http...dialign.gobics.de.chaos-dialign-submission
http://sfold.wadsworth.org	http...sfold.wadsworth.org
http://rvista.dcode.org/	http...rvista.dcode.org
http://genome.cse.ucsc.edu/	http...genome.cse.ucsc.edu
http://www.imtech.res.in/raghava/gpcrpred/	http...www.imtech.res.in.raghava.gpcrpred
http://www.pathogenomics.ca/probelynx	http...www.pathogenomics.ca.probelynx
http://www.imtech.res.in/bvs/pepbuild/	http...www.imtech.res.in.bvs.pepbuild
http://www.caspur.it/CSTminer/	http...www.caspur.it.CSTminer
http://sbi.imim.es/archki	http...sbi.imim.es.archki
http://eds.bmc.uu.se/	http...eds.bmc.uu.se
http://www.ecoli-york.org	http...www.ecoli-york.org
http://biomint.oefai.at/	http...biomint.oefai.at
http://www.bioinfo.no/tools/normalmodes	http...www.bioinfo.no.tools.normalmodes
http://hodgkin.mbu.iisc.ernet.in/~prodoc	http...hodgkin.mbu.iisc.ernet.in.~prodoc
http://protevo.eb.tuebingen.mpg.de/repper	http...protevo.eb.tuebingen.mpg.de.repper
http://atgc.lirmm.fr/mam	http...atgc.lirmm.fr.mam
http://wishart.biology.ualberta.ca/moviemaker	http...wishart.biology.ualberta.ca.moviemaker
http://ekhidna.biocenter.helsinki.fi/poco	http...ekhidna.biocenter.helsinki.fi.poco
http://www.istech.info/istech/board/login_form.jsp	http...www.istech.info.istech.board.login_form.jsp
http://power.nhri.org.tw	http...power.nhri.org.tw
http://kinefold.curie.fr/	http...kinefold.curie.fr
http://lowelab.ucsc.edu/snoscan/	http...lowelab.ucsc.edu.snoscan
http://mrs.cmbi.ru.nl/	http...mrs.cmbi.ru.nl
http://bioinformatics.uams.edu/mirror/pcleavage/	http...bioinformatics.uams.edu.mirror.pcleavage
http://bioinfo3d.cs.tau.ac.il/ARTS	http...bioinfo3d.cs.tau.ac.il.ARTS
http://www.gene-regulation.com/pub/databases.html	http...www.gene-regulation.com.pub.databases.html
http://www.treefam.org	http...www.treefam.org
http://bibiserv.techfak.uni-bielefeld.de/guugle	http...bibiserv.techfak.uni-bielefeld.de.guugle
http://www.jenner.ac.uk/MHCPred/	http...www.jenner.ac.uk.MHCPred
http://www.biovirus.org	http...www.biovirus.org
http://gibk26.bse.kyutech.ac.jp/jouhou/readout/	http...gibk26.bse.kyutech.ac.jp.jouhou.readout
http://disulfind.dsi.unifi.it/	http...disulfind.dsi.unifi.it
http://www.ysbl.york.ac.uk/sgTarget	http...www.ysbl.york.ac.uk.sgTarget
http://wego.genomics.org.cn	http...wego.genomics.org.cn
http://www.jbirc.aist.go.jp/tact/	http...www.jbirc.aist.go.jp.tact
http://correlogo.abcc.ncifcrf.gov	http...correlogo.abcc.ncifcrf.gov
http://www.Arabidopsis.leeds.ac.uk/ACT	http...www.Arabidopsis.leeds.ac.uk.ACT
http://genome.gbf.de/featurescan/	http...genome.gbf.de.featurescan
http://miracle.igib.res.in/quadfinder/	http...miracle.igib.res.in.quadfinder
http://www.hubmed.org/	http...www.hubmed.org
http://bioinf.uta.fi/IDbases	http...bioinf.uta.fi.IDbases
http://euhcvdb.ibcp.fr	http...euhcvdb.ibcp.fr
http://alpha.dmi.unict.it/~ctnyu/netmatch.html	http...alpha.dmi.unict.it.~ctnyu.netmatch.html
http://invention.swmed.edu/etblast/etblast.shtml	http...invention.swmed.edu.etblast.etblast.shtml
http://bibiserv.techfak.uni-bielefeld.de/pknotsrg	http...bibiserv.techfak.uni-bielefeld.de.pknotsrg
http://bioserv.rpbs.jussieu.fr/Frog.html	http...bioserv.rpbs.jussieu.fr.Frog.html
http://www.plantgdb.org/tool/tracembler/	http...www.plantgdb.org.tool.tracembler
http://genius.embnet.dkfz-heidelberg.de/menu/biounit/open-husar	http...genius.embnet.dkfz-heidelberg.de.menu.biounit.open-husar
http://www.flugenome.org/	http...www.flugenome.org
http://www.bioinfotool.org/domac.html	http...www.bioinfotool.org.domac.html
http://deep.bioinf.med.uni-goettingen.de	http...deep.bioinf.med.uni-goettingen.de
http://dna.bio.puc.cl/SAGExplore.html	http...dna.bio.puc.cl.SAGExplore.html
http://bioinfo3d.cs.tau.ac.il/HingeProt/	http...bioinfo3d.cs.tau.ac.il.HingeProt
http://urgv.evry.inra.fr/CATdb	http...urgv.evry.inra.fr.CATdb
http://mulan.dcode.org/	http...mulan.dcode.org
https://www.genome.jp/kegg/	https...www.genome.jp.kegg
http://rulai.cshl.edu/rmap/	http...rulai.cshl.edu.rmap
http://www.tcoffee.org	http...www.tcoffee.org
http://masstrix.org	http...masstrix.org
http://www.lgtc.nl/MaRe/	http...www.lgtc.nl.MaRe
http://genecat.mpg.de	http...genecat.mpg.de
http://rna.urmc.rochester.edu/servers/oligowalk	http...rna.urmc.rochester.edu.servers.oligowalk
http://bioinfo.ibt.unam.mx/gecont	http...bioinfo.ibt.unam.mx.gecont
http://harmony.biowiki.org/xrei/	http...harmony.biowiki.org.xrei
http://www.bcgsc.ca/platform/bioinfo/software/findpeaks	http...www.bcgsc.ca.platform.bioinfo.software.findpeaks
http://www.nactem.ac.uk/software/facta/	http...www.nactem.ac.uk.software.facta
http://www.cmbi.ru.nl/cdd/biovenn/	http...www.cmbi.ru.nl.cdd.biovenn
http://mint.bio.uniroma2.it/virusmint/	http...mint.bio.uniroma2.it.virusmint
http://www.genedistiller.org	http...www.genedistiller.org
http://cbl-gorilla.cs.technion.ac.il	http...cbl-gorilla.cs.technion.ac.il
http://evolution.sysu.edu.cn/mapview/	http...evolution.sysu.edu.cn.mapview
http://uniprime.batlab.eu	http...uniprime.batlab.eu
http://gemdock.life.nctu.edu.tw/ppisearch/	http...gemdock.life.nctu.edu.tw.ppisearch
http://rbf.bioinfo.tw/~sachen/tmrbf.html	http...rbf.bioinfo.tw.~sachen.tmrbf.html
http://prep.unl.edu/	http...prep.unl.edu
http://www.ibi.vu.nl/programs/phylopars/	http...www.ibi.vu.nl.programs.phylopars
http://weblab.cbi.pku.edu.cn	http...weblab.cbi.pku.edu.cn
http://seemotif.csie.ntu.edu.tw	http...seemotif.csie.ntu.edu.tw
http://jose.med.kuleuven.be/genotypetool/html/	http...jose.med.kuleuven.be.genotypetool.html
http://bioinfo.cipf.es/gesbap/	http...bioinfo.cipf.es.gesbap
http://compgen.bio.unipd.it/bioinfo/amadman/	http...compgen.bio.unipd.it.bioinfo.amadman
http://nascent.pitgroup.org	http...nascent.pitgroup.org
http://xialab.bu.edu/resources/lpcf	http...xialab.bu.edu.resources.lpcf
http://motif.bmi.ohio-state.edu/ChIPMotifs/examples.shtml	http...motif.bmi.ohio-state.edu.ChIPMotifs.examples.shtml
http://sncid.stanleyresearch.org	http...sncid.stanleyresearch.org
http://www.ddbj.nig.ac.jp	http...www.ddbj.nig.ac.jp
http://www.noris.org.uk	http...www.noris.org.uk
http://clostron.com	http...clostron.com
http://dbdepc.biosino.org/index/	http...dbdepc.biosino.org.index
http://ercsb.ewha.ac.kr/fusiongene	http...ercsb.ewha.ac.kr.fusiongene
http://www.imtech.res.in/raghava/pfmpred/	http...www.imtech.res.in.raghava.pfmpred
http://variation.osu.edu/	http...variation.osu.edu
http://miaja.tic.udc.es/Bio-AIMS/TrypanoPPI.php	http...miaja.tic.udc.es.Bio-AIMS.TrypanoPPI.php
http://www.jcvi.org/pn-utility	http...www.jcvi.org.pn-utility
https://ruby.chem.indiana.edu/scorenfl/srn_results/lookup0.php	https...ruby.chem.indiana.edu.scorenfl.srn_results.lookup0.php
http://asc.informatik.uni-tuebingen.de/	http...asc.informatik.uni-tuebingen.de
http://www.csbio.sjtu.edu.cn/bioinf/Gneg-multi/	http...www.csbio.sjtu.edu.cn.bioinf.Gneg-multi
http://dotknot.csse.uwa.edu.au	http...dotknot.csse.uwa.edu.au
http://bioextract.org	http...bioextract.org
http://www.dragnet.cvm.iastate.edu	http...www.dragnet.cvm.iastate.edu
http://www.ebi.ac.uk/Rebholz-srv/PaperMaker	http...www.ebi.ac.uk.Rebholz-srv.PaperMaker
http://tinyurl.com/yc5xkqq	http...tinyurl.com.yc5xkqq
http://www.letthemknow.org.au	http...www.letthemknow.org.au
http://www.cathdb.info	http...www.cathdb.info
http://web-cellHTS2.dkfz.de	http...web-cellHTS2.dkfz.de
http://rloom.mpimp-golm.mpg.de	http...rloom.mpimp-golm.mpg.de
http://translatorx.co.uk	http...translatorx.co.uk
https://www.ebi.ac.uk/Tools/sss/	https...www.ebi.ac.uk.Tools.sss
http://rna.informatik.uni-freiburg.de	http...rna.informatik.uni-freiburg.de
http://ccbg.imppc.org/sires/index.html	http...ccbg.imppc.org.sires.index.html
http://www.cochrane.org/	http...www.cochrane.org
http://conseq.tau.ac.il	http...conseq.tau.ac.il
http://www.biocatalogue.org/	http...www.biocatalogue.org
http://cic.scu.edu.cn/bioinformatics/predict_ppi/default.html	http...cic.scu.edu.cn.bioinformatics.predict_ppi.default.html
http://biit.cs.ut.ee/escd/	http...biit.cs.ut.ee.escd
http://pcfamily.life.nctu.edu.tw	http...pcfamily.life.nctu.edu.tw
http://bioinformatics.louisville.edu/zebrafish/	http...bioinformatics.louisville.edu.zebrafish
http://www.peace-tools.org	http...www.peace-tools.org
http://www.inab.org/MOWServ/	http...www.inab.org.MOWServ
http://www.proto.cs.huji.ac.il/mirror	http...www.proto.cs.huji.ac.il.mirror
http://regpredict.lbl.gov	http...regpredict.lbl.gov
http://www.ensembl.org/info/docs/api/api_installation.html	http...www.ensembl.org.info.docs.api.api_installation.html
http://fgcz-data.uzh.ch/public/T3PQ.tgz	http...fgcz-data.uzh.ch.public.T3PQ.tgz
http://www.aprn.org.au	http...www.aprn.org.au
http://cgd.jax.org/cgdsnpdb/	http...cgd.jax.org.cgdsnpdb
http://sysbio.unl.edu/services	http...sysbio.unl.edu.services
http://www.rcplondon.ac.uk/CLINICAL-STANDARDS/ORGANISATION/PARTNERSHIP/Pages/MINAP-.aspx	http...www.rcplondon.ac.uk.CLINICAL-STANDARDS.ORGANISATION.PARTNERSHIP.Pages.MINAP-.aspx
http://protchem.hunnu.edu.cn/toxin	http...protchem.hunnu.edu.cn.toxin
http://genome.ucf.edu/RNAMotifScan	http...genome.ucf.edu.RNAMotifScan
http://www.muldas.org/MuLDAS/	http...www.muldas.org.MuLDAS
http://www.jcvi.org/metarep	http...www.jcvi.org.metarep
http://stat.psu.edu/	http...stat.psu.edu
http://www.trpchannel.org	http...www.trpchannel.org
http://ibi.imim.es/DisGeNET/DisGeNETweb.html	http...ibi.imim.es.DisGeNET.DisGeNETweb.html
http://datam.i2r.a-star.edu.sg/taphunter/	http...datam.i2r.a-star.edu.sg.taphunter
http://mesotissue.org/	http...mesotissue.org
http://www.mitotool.org	http...www.mitotool.org
http://www.biocomputing.it/picmi	http...www.biocomputing.it.picmi
http://sysbio.cvm.msstate.edu/AntigenMap	http...sysbio.cvm.msstate.edu.AntigenMap
http://filtrest3d.genesilico.pl/	http...filtrest3d.genesilico.pl
http://www.phospho3d.org/	http...www.phospho3d.org
http://cistrome.dfci.harvard.edu/CaSNP/	http...cistrome.dfci.harvard.edu.CaSNP
http://mycobrowser.epfl.ch/	http...mycobrowser.epfl.ch
http://zfin.org	http...zfin.org
http://camera.calit2.net/	http...camera.calit2.net
http://tiara.gmi.ac.kr	http...tiara.gmi.ac.kr
http://phenogen.ucdenver.edu	http...phenogen.ucdenver.edu
http://www.allelefrequencies.net	http...www.allelefrequencies.net
http://trna.nagahama-i-bio.ac.jp	http...trna.nagahama-i-bio.ac.jp
http://immunet.cn/mimodb	http...immunet.cn.mimodb
http://www.clipz.unibas.ch	http...www.clipz.unibas.ch
http://www.cs.tau.ac.il/&~spike/	http...www.cs.tau.ac.il.&~spike
http://bioinformatics.wistar.upenn.edu/MPromDb/	http...bioinformatics.wistar.upenn.edu.MPromDb
http://tinyurl.com/webprank	http...tinyurl.com.webprank
http://function.princeton.edu/bioweaver/	http...function.princeton.edu.bioweaver
http://array.iis.sinica.edu.tw/ups/	http...array.iis.sinica.edu.tw.ups
http://www.rourkebabyrecord.ca	http...www.rourkebabyrecord.ca
http://tdc.cb.k.u-tokyo.ac.jp/	http...tdc.cb.k.u-tokyo.ac.jp
http://www.csbio.unc.edu/epistasis/	http...www.csbio.unc.edu.epistasis
http://biocomputer.bio.cuhk.edu.hk/softwares/BPBAac	http...biocomputer.bio.cuhk.edu.hk.softwares.BPBAac
http://tcm.cmu.edu.tw/	http...tcm.cmu.edu.tw
http://miaja.tic.udc.es/Bio-AIMS/NL-MIND-BEST.php	http...miaja.tic.udc.es.Bio-AIMS.NL-MIND-BEST.php
http://synteny.cnr.berkeley.edu/gobe-app/	http...synteny.cnr.berkeley.edu.gobe-app
http://www.moderation.org	http...www.moderation.org
http://procarb.org/contpro/	http...procarb.org.contpro
http://www.modelling.leeds.ac.uk/ReverseScreen3D	http...www.modelling.leeds.ac.uk.ReverseScreen3D
http://cbdm.mdc-berlin.de/tools/sampler/	http...cbdm.mdc-berlin.de.tools.sampler
http://bcb.dei.unipd.it:8080/dyweb	http...bcb.dei.unipd.it.8080.dyweb
http://compbio.cs.princeton.edu/dpuc/	http...compbio.cs.princeton.edu.dpuc
http://cassis.in.tum.de/	http...cassis.in.tum.de
http://sciencenet.kit.edu	http...sciencenet.kit.edu
http://bar.utoronto.ca/NGM	http...bar.utoronto.ca.NGM
http://www.equip-project.com	http...www.equip-project.com
http://nrps.informatik.uni-tuebingen.de/	http...nrps.informatik.uni-tuebingen.de
http://biq-analyzer-ht.bioinf.mpi-inf.mpg.de/	http...biq-analyzer-ht.bioinf.mpi-inf.mpg.de
http://cospi.iiserpune.ac.in/depth/	http...cospi.iiserpune.ac.in.depth
http://sysbio.ustc.edu.cn/software/mirAct	http...sysbio.ustc.edu.cn.software.mirAct
http://wiki.c2b2.columbia.edu/honiglab_public/index.php/Software:PredUs	http...wiki.c2b2.columbia.edu.honiglab_public.index.php.Software.PredUs
https://atlas.scharp.org	https...atlas.scharp.org
http://dario.bioinf.uni-leipzig.de/	http...dario.bioinf.uni-leipzig.de
http://www.nice.org.uk/MT	http...www.nice.org.uk.MT
http://sing.ei.uvigo.es/pileline/pilelinegui.html	http...sing.ei.uvigo.es.pileline.pilelinegui.html
http://www.bio8.cs.hku.hk/RNASAlign	http...www.bio8.cs.hku.hk.RNASAlign
https://antismash.secondarymetabolites.org	https...antismash.secondarymetabolites.org
http://wiki.chasmsoftware.org	http...wiki.chasmsoftware.org
http://icpr.jci.edu.cn/bioinfo/iLoc-Gneg	http...icpr.jci.edu.cn.bioinfo.iLoc-Gneg
http://regstattools.net/sart.html	http...regstattools.net.sart.html
https://nugo.dife.de/msm	https...nugo.dife.de.msm
http://web.cbio.uct.ac.za/~yves/nasp_portal.php	http...web.cbio.uct.ac.za.~yves.nasp_portal.php
http://www.ebi.ac.uk/interpro/biomart/martview	http...www.ebi.ac.uk.interpro.biomart.martview
http://expressionplot.com/	http...expressionplot.com
http://enzo.cmm.ki.si	http...enzo.cmm.ki.si
http://aralip.plantbiology.msu.edu	http...aralip.plantbiology.msu.edu
http://www.molnac.unisa.it/BioTools/cocomaps	http...www.molnac.unisa.it.BioTools.cocomaps
http://www.zbh.uni-hamburg.de/fishoracle	http...www.zbh.uni-hamburg.de.fishoracle
http://www.vseed.nottingham.ac.uk/	http...www.vseed.nottingham.ac.uk
http://www.ibe.med.uni-muenchen.de/organisation/mitarbeiter/020_professuren/boulesteix/ginibias/	http...www.ibe.med.uni-muenchen.de.organisation.mitarbeiter.020_professuren.boulesteix.ginibias
http://www.dli.mn.gov/WSC/SPHlegislation.asp	http...www.dli.mn.gov.WSC.SPHlegislation.asp
http://mbb.univ-montp2.fr/macse	http...mbb.univ-montp2.fr.macse
http://bioinf-data.charite.de/o2em/cgi-bin/o2em.pl	http...bioinf-data.charite.de.o2em.cgi-bin.o2em.pl
http://compbio.cs.odu.edu/mouse/	http...compbio.cs.odu.edu.mouse
http://biotextquest.biol.ucy.ac.cy	http...biotextquest.biol.ucy.ac.cy
http://lfz.corefacility.ca/panseq/	http...lfz.corefacility.ca.panseq
http://blog.ecu.edu/sites/nephrologyondemand/?page_id=4502	http...blog.ecu.edu.sites.nephrologyondemand..page_id=4502
http://bioinformatics.forsyth.org/mtd	http...bioinformatics.forsyth.org.mtd
http://tcoffee.crg.cat/apps/ampa	http...tcoffee.crg.cat.apps.ampa
http://cal.tongji.edu.cn/SPSSMPred/	http...cal.tongji.edu.cn.SPSSMPred
http://ogeedb.embl.de	http...ogeedb.embl.de
http://diseaseontology.sf.net	http...diseaseontology.sf.net
http://prato.daapv.unipd.it	http...prato.daapv.unipd.it
http://lifecenter.sgst.cn/dbdepc/index.do	http...lifecenter.sgst.cn.dbdepc.index.do
http://colt.ccbr.utoronto.ca/cancer	http...colt.ccbr.utoronto.ca.cancer
http://gowiki.tamu.edu	http...gowiki.tamu.edu
http://ftsite.bu.edu	http...ftsite.bu.edu
http://pombe.oridb.org/	http...pombe.oridb.org
http://indel.bioinfo.sdu.edu.cn	http...indel.bioinfo.sdu.edu.cn
http://www.noncode.org	http...www.noncode.org
http://www.hmtdb.uniba.it:8080/hmdb	http...www.hmtdb.uniba.it.8080.hmdb
http://www.iiserpune.ac.in/~coee/histome/	http...www.iiserpune.ac.in.~coee.histome
http://bioinfo.bdu.ac.in/servers/	http...bioinfo.bdu.ac.in.servers
http://protein.bio.unipd.it/espritz/	http...protein.bio.unipd.it.espritz
http://www.infosyslab.fr/archaeocyatha	http...www.infosyslab.fr.archaeocyatha
http://bioinformatique.marseille.inserm.fr/iti	http...bioinformatique.marseille.inserm.fr.iti
http://fx.gmi.ac.kr	http...fx.gmi.ac.kr
http://f-a-m-e.org/	http...f-a-m-e.org
https://subversion.vrac.iastate.edu/Subversion/jlv/public/jlv/pathwayflow	https...subversion.vrac.iastate.edu.Subversion.jlv.public.jlv.pathwayflow
http://www.jameslindlibrary.org	http...www.jameslindlibrary.org
http://biolab.hyit.edu.cn/ar	http...biolab.hyit.edu.cn.ar
http://bioinf.iiit.ac.in/IGIPT/	http...bioinf.iiit.ac.in.IGIPT
http://metagenomics.atc.tcs.com/i-rDNA/	http...metagenomics.atc.tcs.com.i-rDNA
http://tardis.nibio.go.jp/netasa/srcpred	http...tardis.nibio.go.jp.netasa.srcpred
http://tbinsight.cs.rpi.edu/run_tb_lineage.html	http...tbinsight.cs.rpi.edu.run_tb_lineage.html
http://gohtam.rpbs.univ-paris-diderot.fr/	http...gohtam.rpbs.univ-paris-diderot.fr
http://www.aggo.nl	http...www.aggo.nl
http://mail.tmue.edu.tw/~yhchen/KPDP.html	http...mail.tmue.edu.tw.~yhchen.KPDP.html
http://metabin.riken.jp/	http...metabin.riken.jp
http://compbio.clemson.edu/delphi_webserver	http...compbio.clemson.edu.delphi_webserver
http://www.algolab.eu/PIntron	http...www.algolab.eu.PIntron
http://www.grace-lrti.org	http...www.grace-lrti.org
http://bamics2.cmbi.ru.nl/websoftware/phenolink/	http...bamics2.cmbi.ru.nl.websoftware.phenolink
http://zhanglab.ccmb.med.umich.edu/COFACTOR	http...zhanglab.ccmb.med.umich.edu.COFACTOR
https://research.cchmc.org/mershalab/AncestrySNPminer/login.php	https...research.cchmc.org.mershalab.AncestrySNPminer.login.php
http://www.juit.ac.in/attachments/jsr/rcdb/homenew.html	http...www.juit.ac.in.attachments.jsr.rcdb.homenew.html
http://srna-workbench.cmp.uea.ac.uk	http...srna-workbench.cmp.uea.ac.uk
http://GGRNA.dbcls.jp/	http...GGRNA.dbcls.jp
http://alzpathway.org/	http...alzpathway.org
http://fastml.tau.ac.il/	http...fastml.tau.ac.il
http://cmweb.enzim.hu	http...cmweb.enzim.hu
http://imp.princeton.edu	http...imp.princeton.edu
http://sift-dna.org	http...sift-dna.org
http://www.bioshell.pl/threader/	http...www.bioshell.pl.threader
http://www.seed-proteome.com/	http...www.seed-proteome.com
http://tyerslab.bio.ed.ac.uk/molclass	http...tyerslab.bio.ed.ac.uk.molclass
http://www.unav.es/unzyec/mzna/biddsat/	http...www.unav.es.unzyec.mzna.biddsat
http://mleg.cse.sc.edu/LRensemble/cgi-bin/predict.cgi	http...mleg.cse.sc.edu.LRensemble.cgi-bin.predict.cgi
http://ngloc.unmc.edu	http...ngloc.unmc.edu
http://hupho.uniroma2.it	http...hupho.uniroma2.it
http://www.ccpn.ac.uk/acpype	http...www.ccpn.ac.uk.acpype
http://www.emouseatlas.org	http...www.emouseatlas.org
http://www.cazy.org	http...www.cazy.org
http://www.easylcms.es/	http...www.easylcms.es
http://pacsy.nmrfam.wisc.edu	http...pacsy.nmrfam.wisc.edu
http://musite.net	http...musite.net
http://genscalpel.biosv.com/	http...genscalpel.biosv.com
http://www.well.ox.ac.uk/GREVE	http...www.well.ox.ac.uk.GREVE
http://www.moldiscovery.com/PharmBench	http...www.moldiscovery.com.PharmBench
http://lin.uestc.edu.cn/server/MycoMemSVM	http...lin.uestc.edu.cn.server.MycoMemSVM
http://prodata.swmed.edu/MESSA/	http...prodata.swmed.edu.MESSA
http://www.SleepRight.ualberta.ca	http...www.SleepRight.ualberta.ca
http://www.epilepsie-france.fr	http...www.epilepsie-france.fr
http://cactus.nci.nih.gov	http...cactus.nci.nih.gov
http://www.bio.ifi.lmu.de/REA	http...www.bio.ifi.lmu.de.REA
http://www.iroothair.org	http...www.iroothair.org
http://lin.uestc.edu.cn/server/iNuc-PhysChem	http...lin.uestc.edu.cn.server.iNuc-PhysChem
http://www.g4ldb.org	http...www.g4ldb.org
http://www.fhcrc.org/science/phs/cerc/The_SCOT_Study.html	http...www.fhcrc.org.science.phs.cerc.The_SCOT_Study.html
http://ctdbase.org	http...ctdbase.org
http://www.cbs.dtu.dk/services/ChemProt-2.0	http...www.cbs.dtu.dk.services.ChemProt-2.0
http://ptmcode.embl.de	http...ptmcode.embl.de
http://www.viprbrc.org	http...www.viprbrc.org
http://dfam.janelia.org	http...dfam.janelia.org
http://www.violinet.org/virmugendb	http...www.violinet.org.virmugendb
http://csbl.bmb.uga.edu/cinper/	http...csbl.bmb.uga.edu.cinper
http://www.gradeworkinggroup.org	http...www.gradeworkinggroup.org
http://www.genoma.ufpa.br/rramos/softwares/simplifier.xhtmlIt	http...www.genoma.ufpa.br.rramos.softwares.simplifier.xhtmlIt
http://compgenomics.utsa.edu/gene/gene_1.php	http...compgenomics.utsa.edu.gene.gene_1.php
http://www.cbligand.org/TargetHunter	http...www.cbligand.org.TargetHunter
http://euler.bc.edu/marthlab/scotty/scotty.php	http...euler.bc.edu.marthlab.scotty.scotty.php
http://biophysics.biol.uoa.gr/AMYLPRED2	http...biophysics.biol.uoa.gr.AMYLPRED2
http://edr.research.bcm.edu	http...edr.research.bcm.edu
http://atc.wustl.edu/	http...atc.wustl.edu
http://biokinet.belozersky.msu.ru/zebra	http...biokinet.belozersky.msu.ru.zebra
http://www.abctb.org.au	http...www.abctb.org.au
http://www.hyphy.org	http...www.hyphy.org
http://popmodels.cancercontrol.cancer.gov/gsr	http...popmodels.cancercontrol.cancer.gov.gsr
http://bioinformatics.awowshop.com/snlpred_page.php	http...bioinformatics.awowshop.com.snlpred_page.php
http://biocomputer.bio.cuhk.edu.hk/T3DB/T3_MM.php	http...biocomputer.bio.cuhk.edu.hk.T3DB.T3_MM.php
http://www.emcdda.europa.eu/bestpractice	http...www.emcdda.europa.eu.bestpractice
http://ppi.bioinfo.asia.edu.tw/mirna_target/	http...ppi.bioinfo.asia.edu.tw.mirna_target
http://sydney.edu.au/pharmacy/sbio/software/TMH_benchmark.shtml	http...sydney.edu.au.pharmacy.sbio.software.TMH_benchmark.shtml
http://structure.bioinf.mpi-inf.mpg.de/	http...structure.bioinf.mpi-inf.mpg.de
http://stat.fsu.edu/	http...stat.fsu.edu
http://www.art-cohort-collaboration.org	http...www.art-cohort-collaboration.org
http://blast.ncbi.nlm.nih.gov	http...blast.ncbi.nlm.nih.gov
https://www.reading.ac.uk/bioinf/ModFOLD/	https...www.reading.ac.uk.bioinf.ModFOLD
http://www.bioinformatics.nl/QualitySNPng	http...www.bioinformatics.nl.QualitySNPng
http://www.speechbite.com	http...www.speechbite.com
http://ifuse.erasmusmc.nl	http...ifuse.erasmusmc.nl
http://www.odose.nl	http...www.odose.nl
http://www.eatright.org/positions	http...www.eatright.org.positions
http://bioinf.uni-greifswald.de/webaugustus	http...bioinf.uni-greifswald.de.webaugustus
http://virome.sf.net	http...virome.sf.net
http://polyfit.insa-toulouse.fr	http...polyfit.insa-toulouse.fr
http://www.cnvinspector.org	http...www.cnvinspector.org
http://galaxy.seoklab.org/refine	http...galaxy.seoklab.org.refine
http://copap.tau.ac.il/	http...copap.tau.ac.il
http://lin.uestc.edu.cn/server/iHSP-PseRAAAC	http...lin.uestc.edu.cn.server.iHSP-PseRAAAC
http://promotercad.org	http...promotercad.org
http://seblastian.crg.es	http...seblastian.crg.es
http://s3.amazonaws.com/jnj_rainbow/index.html	http...s3.amazonaws.com.jnj_rainbow.index.html
http://www.ngs-trex.org	http...www.ngs-trex.org
http://www.lymphoma.or.kr	http...www.lymphoma.or.kr
http://mdl.shsmu.edu.cn/AST	http...mdl.shsmu.edu.cn.AST
http://rna.informatik.uni-freiburg.de/CRISPRmap	http...rna.informatik.uni-freiburg.de.CRISPRmap
http://luigimarchionni.org/HDACIs.html	http...luigimarchionni.org.HDACIs.html
http://tinyurl.com/CONSORT-study	http...tinyurl.com.CONSORT-study
http://bcb.med.usherbrooke.ca/kinomerender	http...bcb.med.usherbrooke.ca.kinomerender
http://www.nannochloropsis.org	http...www.nannochloropsis.org
http://www.jci-bioinfo.cn/iCDI-PseFpt/	http...www.jci-bioinfo.cn.iCDI-PseFpt
http://www.evocell.org/inTB	http...www.evocell.org.inTB
http://bioinfo.ncu.edu.cn/PupPred.aspx	http...bioinfo.ncu.edu.cn.PupPred.aspx
http://www.paruresis.it	http...www.paruresis.it
http://www.library.nhs.uk/hdas	http...www.library.nhs.uk.hdas
http://www.daath.hu	http...www.daath.hu
http://metalweb.cerm.unifi.it/tools/metals2/	http...metalweb.cerm.unifi.it.tools.metals2
http://www.biominingbu.org/pronormz	http...www.biominingbu.org.pronormz
http://avispa.biociphers.org	http...avispa.biociphers.org
http://tcoffee.crg.cat/apps/tcoffee/index.html	http...tcoffee.crg.cat.apps.tcoffee.index.html
http://ndbserver.rutgers.edu	http...ndbserver.rutgers.edu
http://tisdb.human.cornell.edu	http...tisdb.human.cornell.edu
http://avia.abcc.ncifcrf.gov	http...avia.abcc.ncifcrf.gov
http://unicarbkb.org	http...unicarbkb.org
http://sbi.imim.es/archdb	http...sbi.imim.es.archdb
http://salilab.org/foxsdock	http...salilab.org.foxsdock
http://cptweb.cpt.wayne.edu/DbD2/	http...cptweb.cpt.wayne.edu.DbD2
http://www.juemengt.com/jcc/memty_page.php	http...www.juemengt.com.jcc.memty_page.php
http://bios.ugr.es/GeneOnEarth	http...bios.ugr.es.GeneOnEarth
http://pgdbj.jp/?ln=en	http...pgdbj.jp..ln=en
http://www.dna.utah.edu/hets/	http...www.dna.utah.edu.hets
http://glimmpse.SampleSizeShop.org/	http...glimmpse.SampleSizeShop.org
http://watson.compbio.iupui.edu/pinpor/	http...watson.compbio.iupui.edu.pinpor
http://service.bioinformatik.uni-saarland.de/PRIMSIPLR/	http...service.bioinformatik.uni-saarland.de.PRIMSIPLR
http://sing.ei.uvigo.es/GC/	http...sing.ei.uvigo.es.GC
http://bioviz.rocq.inria.fr	http...bioviz.rocq.inria.fr
http://pranag.physics.iisc.ernet.in/pps/	http...pranag.physics.iisc.ernet.in.pps
http://www.cancersurvivorlink.org	http...www.cancersurvivorlink.org
http://www.irmapper.com	http...www.irmapper.com
http://www.scbit.org/cgrnb	http...www.scbit.org.cgrnb
http://ibb.uab.es/mgdb	http...ibb.uab.es.mgdb
http://cord-db.org	http...cord-db.org
http://nclab.hit.edu.cn/SoyFN	http...nclab.hit.edu.cn.SoyFN
http://usegalaxy.org/contamination	http...usegalaxy.org.contamination
http://epigenomics.snu.ac.kr/piclustweb	http...epigenomics.snu.ac.kr.piclustweb
http://clearedleavesdb.org	http...clearedleavesdb.org
http://www.lecrat.org	http...www.lecrat.org
http://geogenetics.ku.dk/publications/paleomix	http...geogenetics.ku.dk.publications.paleomix
http://cs.wellesley.edu/~btjaden/TargetRNA2	http...cs.wellesley.edu.~btjaden.TargetRNA2
http://protegewiki.stanford.edu/wiki/WebProtege	http...protegewiki.stanford.edu.wiki.WebProtege
http://xtms.issb.genopole.fr	http...xtms.issb.genopole.fr
http://bierapp.babelomics.org/	http...bierapp.babelomics.org
http://tuberq.proteinq.com.ar/	http...tuberq.proteinq.com.ar
http://togotable.dbcls.jp/	http...togotable.dbcls.jp
http://tox.charite.de/tox	http...tox.charite.de.tox
http://maxlink.sbc.su.se	http...maxlink.sbc.su.se
http://probis.cmm.ki.si/ligands	http...probis.cmm.ki.si.ligands
http://www.humanproteomemap.org	http...www.humanproteomemap.org
http://prediction.charite.de	http...prediction.charite.de
http://www.modpred.org	http...www.modpred.org
http://www.maayanlab.net/LINCS/LCB	http...www.maayanlab.net.LINCS.LCB
http://www.rTRM.org/	http...www.rTRM.org
http://lilab.ecust.edu.cn/idrug	http...lilab.ecust.edu.cn.idrug
http://www.ccb.uni-saarland.de/mirnacon	http...www.ccb.uni-saarland.de.mirnacon
http://bacillus.ncl.ac.uk	http...bacillus.ncl.ac.uk
http://www.ebi.ac.uk/ipd/imgt/hla	http...www.ebi.ac.uk.ipd.imgt.hla
http://www.aylasoftware.org	http...www.aylasoftware.org
http://www.appex.kr	http...www.appex.kr
http://vessel12.grand-challenge.org	http...vessel12.grand-challenge.org
http://www.imtech.res.in/raghava/hlp/	http...www.imtech.res.in.raghava.hlp
http://mendelims.stanford.edu	http...mendelims.stanford.edu
http://life.bsc.es/pid/ccharppi	http...life.bsc.es.pid.ccharppi
http://shiny.stat.tamu.edu:3838/hassaad/SumAOV1/	http...shiny.stat.tamu.edu.3838.hassaad.SumAOV1
http://www.lmtdrm.com	http...www.lmtdrm.com
http://www.cdsd.or.kr	http...www.cdsd.or.kr
http://nashua.case.edu/PathwaysMAW/Web	http...nashua.case.edu.PathwaysMAW.Web
http://kiharalab.org/web/pfp.php	http...kiharalab.org.web.pfp.php
http://genomequebec.mcgill.ca/exomeai	http...genomequebec.mcgill.ca.exomeai
http://tubic.tju.edu.cn/Ori-Finder2/	http...tubic.tju.edu.cn.Ori-Finder2
http://spin.ccic.ohio-state.edu/index.php/hsqc/index	http...spin.ccic.ohio-state.edu.index.php.hsqc.index
http://genome.ucsc.edu/license/	http...genome.ucsc.edu.license
http://www.biomina.be/app/variantdb/	http...www.biomina.be.app.variantdb
http://www.radiologie.uk-erlangen.de/aerzte-und-zuweiser/edema	http...www.radiologie.uk-erlangen.de.aerzte-und-zuweiser.edema
http://www.compubio.in/chlorossrdb/	http...www.compubio.in.chlorossrdb
http://www.lncrna2target.org	http...www.lncrna2target.org
http://cbc.mc.vanderbilt.edu/tnbc/	http...cbc.mc.vanderbilt.edu.tnbc
http://www.orthodb.org/software	http...www.orthodb.org.software
http://www.genomicus.biologie.ens.fr/genomicus-plants	http...www.genomicus.biologie.ens.fr.genomicus-plants
http://bioinformatics.clemson.edu/G-Bean/index.php	http...bioinformatics.clemson.edu.G-Bean.index.php
http://nabic.rda.go.kr/gere/rice/geneticMap/	http...nabic.rda.go.kr.gere.rice.geneticMap
http://biojava.org	http...biojava.org
http://genomics.scripps.edu/ADVISER/	http...genomics.scripps.edu.ADVISER
http://www.quitnow.net/florida	http...www.quitnow.net.florida
http://pubs.er.usgs.gov	http...pubs.er.usgs.gov
http://www.hc-sc.gc.ca/fn-an/nutrition/infant-nourisson/index-eng.php	http...www.hc-sc.gc.ca.fn-an.nutrition.infant-nourisson.index-eng.php
http://www.biocomputing.it/3uss_server	http...www.biocomputing.it.3uss_server
http://genestacker.ugent.be	http...genestacker.ugent.be
http://www.popgenreport.org	http...www.popgenreport.org
https://drift.darmfalen.nl	https...drift.darmfalen.nl
http://genome.ucsc.edu/ebolaPortal/	http...genome.ucsc.edu.ebolaPortal
http://www.farsight-toolkit.org/wiki/Population-scale_Three-dimensional_Reconstruction_and_Quanti-tative_Profiling_of_Microglia_Arbors	http...www.farsight-toolkit.org.wiki.Population-scale_Three-dimensional_Reconstruction_and_Quanti-tative_Profiling_of_Microglia_Arbors
http://www.bantao.org	http...www.bantao.org
http://www.csbio.sjtu.edu.cn/bioinf/OSML/	http...www.csbio.sjtu.edu.cn.bioinf.OSML
http://www.pmal-score.org	http...www.pmal-score.org
http://www.way2drug.com/SOMP	http...www.way2drug.com.SOMP
http://www.goad.education	http...www.goad.education
http://59.73.198.144:8088/SucPred/	http...59.73.198.144.8088.SucPred
http://waxsis.uni-goettingen.de/	http...waxsis.uni-goettingen.de
http://immunet.cn/nie/cgi-bin/nieluter.pl	http...immunet.cn.nie.cgi-bin.nieluter.pl
http://crdd.osdd.net/oscadd/egfrpred/	http...crdd.osdd.net.oscadd.egfrpred
http://rloop.bii.a-star.edu.sg/?pg=qmrlfs-finder	http...rloop.bii.a-star.edu.sg..pg=qmrlfs-finder
http://www.food4me.org	http...www.food4me.org
http://www.rsat.eu/	http...www.rsat.eu
http://docs.viramp.com	http...docs.viramp.com
http://tree.opentreeoflife.org/curator	http...tree.opentreeoflife.org.curator
http://www.ebi.ac.uk/Tools/hmmer	http...www.ebi.ac.uk.Tools.hmmer
http://pockdrug.rpbs.univ-paris-diderot.fr	http...pockdrug.rpbs.univ-paris-diderot.fr
http://toolshed.genouest.org	http...toolshed.genouest.org
http://biit.cs.ut.ee/clustvis/	http...biit.cs.ut.ee.clustvis
http://tubic.tju.edu.cn/zcurveb/	http...tubic.tju.edu.cn.zcurveb
http://mirlab.sysu.edu.cn/starscan/	http...mirlab.sysu.edu.cn.starscan
http://enalos.insilicotox.com/QNAR_IronOxide_Toxicity/	http...enalos.insilicotox.com.QNAR_IronOxide_Toxicity
http://protein.bio.unipd.it/inga	http...protein.bio.unipd.it.inga
http://bioinfo.sibs.ac.cn/carmo	http...bioinfo.sibs.ac.cn.carmo
http://cssb.biology.gatech.edu/dr.prodis/	http...cssb.biology.gatech.edu.dr.prodis
http://lyh.pkmu.cn/ppus/	http...lyh.pkmu.cn.ppus
http://comprec-lin.iiar.pwr.edu.pl/amyload/	http...comprec-lin.iiar.pwr.edu.pl.amyload
http://www.snapshotserengeti.org	http...www.snapshotserengeti.org
http://chcb.saban-chla.usc.edu/reAdmix/	http...chcb.saban-chla.usc.edu.reAdmix
http://www.yeastrc.org/wormpes/	http...www.yeastrc.org.wormpes
http://www.kosro.or.kr/asda	http...www.kosro.or.kr.asda
http://timestudioproject.com	http...timestudioproject.com
http://bioinformatics.mdanderson.org/main/TANRIC:Overview	http...bioinformatics.mdanderson.org.main.TANRIC.Overview
http://matchmakerexchange.org/	http...matchmakerexchange.org
http://gydb.org/ares	http...gydb.org.ares
http://dna2.leeds.ac.uk:8080/OVA/index.jsp	http...dna2.leeds.ac.uk.8080.OVA.index.jsp
http://www.amsn.org	http...www.amsn.org
http://imbatmat.com	http...imbatmat.com
http://lin.uestc.edu.cn/server/m6Apred.php	http...lin.uestc.edu.cn.server.m6Apred.php
http://bioinformatics.hitsz.edu.cn/miRNA-deKmer/	http...bioinformatics.hitsz.edu.cn.miRNA-deKmer
https://bioimg.org	https...bioimg.org
http://services.birc.au.dk/patbox/	http...services.birc.au.dk.patbox
http://www.crediblemeds.com	http...www.crediblemeds.com
http://www.jichi.ac.jp/saitama-sct/	http...www.jichi.ac.jp.saitama-sct
http://59.73.198.144:8088/SolventAccessibility/	http...59.73.198.144.8088.SolventAccessibility
http://www.colonatlas.org	http...www.colonatlas.org
http://hpmv.bii.a-star.edu.sg/	http...hpmv.bii.a-star.edu.sg
http://histone.sce.ntu.edu.sg/SynLethDB/	http...histone.sce.ntu.edu.sg.SynLethDB
http://www.inetbio.org/mousenet	http...www.inetbio.org.mousenet
http://www.csb.iitkgp.ernet.in/applications/mol_layers/main	http...www.csb.iitkgp.ernet.in.applications.mol_layers.main
https://metagenomics.atc.tcs.com/function/cognizer	https...metagenomics.atc.tcs.com.function.cognizer
http://www.beternahodgkin.nl	http...www.beternahodgkin.nl
http://crdd.osdd.net/raghava/cppsite/	http...crdd.osdd.net.raghava.cppsite
http://www.mitoage.org	http...www.mitoage.org
http://compbio.biosci.uq.edu.au/atb	http...compbio.biosci.uq.edu.au.atb
http://mmb.irbbarcelona.org/BIGNASim/	http...mmb.irbbarcelona.org.BIGNASim
http://wasabiapp.org:8000?id=usecases	http...wasabiapp.org.8000.id=usecases
http://uwcmg.org/#/family	http...uwcmg.org.#.family
http://mycobacterium.um.edu.my	http...mycobacterium.um.edu.my
http://www.embnet.qb.fcen.uba.ar/	http...www.embnet.qb.fcen.uba.ar
http://transpred.ki.si/	http...transpred.ki.si
http://www.bioinfo.org/	http...www.bioinfo.org
https://biwww.che.sbg.ac.at/maestro/web	https...biwww.che.sbg.ac.at.maestro.web
http://becklab.github.io/SexLinked	http...becklab.github.io.SexLinked
https://wurmlab.github.io/tools/genevalidator	https...wurmlab.github.io.tools.genevalidator
http://elaspic.kimlab.org	http...elaspic.kimlab.org
https://biosciences.hs-mittweida.de/seqcerosene	https...biosciences.hs-mittweida.de.seqcerosene
https://grenada.lumc.nl/LOVD2/mendelian_genes/home.php?select_db=PKLR	https...grenada.lumc.nl.LOVD2.mendelian_genes.home.php.select_db=PKLR
http://cressint.cchmc.org	http...cressint.cchmc.org
http://www.lerner.ccf.org/cancerbio/heemers/RAAR/search/	http...www.lerner.ccf.org.cancerbio.heemers.RAAR.search
http://nmrcen.xmu.edu.cn/crysalis/	http...nmrcen.xmu.edu.cn.crysalis
http://lightning.med.monash.edu/periscope/	http...lightning.med.monash.edu.periscope
http://www.compsysbio.org/phylopro/	http...www.compsysbio.org.phylopro
http://bioinfo.au.tsinghua.edu.cn/dbwgfp	http...bioinfo.au.tsinghua.edu.cn.dbwgfp
http://genesilico.pl/trnamodpred/	http...genesilico.pl.trnamodpred
http://www.kimlab.org/software/pat	http...www.kimlab.org.software.pat
http://lfz.corefacility.ca/superphy/	http...lfz.corefacility.ca.superphy
http://3cdb.big.ac.cn	http...3cdb.big.ac.cn
http://kaliumdb.org/	http...kaliumdb.org
http://edgar.computational.bio	http...edgar.computational.bio
http://scipion.cnb.csic.es	http...scipion.cnb.csic.es
https://online.phyloviz.net	https...online.phyloviz.net
http://biotech.bmi.ac.cn/icm/	http...biotech.bmi.ac.cn.icm
http://webapp.cabgrid.res.in/fishamp/	http...webapp.cabgrid.res.in.fishamp
http://voronoi.hanyang.ac.kr/betascpweb	http...voronoi.hanyang.ac.kr.betascpweb
http://geval.sanger.ac.uk	http...geval.sanger.ac.uk
http://rdf.disgenet.org/	http...rdf.disgenet.org
http://www.rgenome.net/cas-database/	http...www.rgenome.net.cas-database
http://59.99.226.203/brucellabase/homepage.html	http...59.99.226.203.brucellabase.homepage.html
http://gudmap.org/	http...gudmap.org
https://3dgnome.cent.uw.edu.pl/	https...3dgnome.cent.uw.edu.pl
http://14.139.227.92/mkumar/predhsp/index.html	http...14.139.227.92.mkumar.predhsp.index.html
http://219.219.62.123:8888/ppi_ab/	http...219.219.62.123.8888.ppi_ab
http://rna.bgsu.edu/jar3d/	http...rna.bgsu.edu.jar3d
http://kmplot.com/analysis/	http...kmplot.com.analysis
http://www.targetgenereg.org	http...www.targetgenereg.org
http://patricbrc.org/	http...patricbrc.org
http://123.59.132.21:8080/BLAT2DOLite/BLAT2DOLiteIDMappingPort?wsdl	http...123.59.132.21.8080.BLAT2DOLite.BLAT2DOLiteIDMappingPort.wsdl
http://www.redaat.es	http...www.redaat.es
http://biodb.sdau.edu.cn/cssnp/	http...biodb.sdau.edu.cn.cssnp
http://amp.pharm.mssm.edu/Harmonizome	http...amp.pharm.mssm.edu.Harmonizome
http://metagenomics.iiserb.ac.in/biofin/	http...metagenomics.iiserb.ac.in.biofin
http://BAR.utoronto.ca	http...BAR.utoronto.ca
http://www.ictvonline.org/	http...www.ictvonline.org
http://demo.platomics.com/	http...demo.platomics.com
http://darwin2.cbi.utsa.edu/minniweb/index.html	http...darwin2.cbi.utsa.edu.minniweb.index.html
http://210.27.80.93/arn/	http...210.27.80.93.arn
http://sbb.hku.hk/COMAN/	http...sbb.hku.hk.COMAN
http://ifish.cbi.pku.edu.cn	http...ifish.cbi.pku.edu.cn
http://travadb.org/	http...travadb.org
http://gjbekker.github.io/molmil/	http...gjbekker.github.io.molmil
http://lin.uestc.edu.cn/server/M6ATH	http...lin.uestc.edu.cn.server.M6ATH
http://webclu.bio.wzw.tum.de/icrossr/	http...webclu.bio.wzw.tum.de.icrossr
http://verdant.iplantcollaborative.org/plastidDB/	http...verdant.iplantcollaborative.org.plastidDB
http://antioxidant.weka.cc	http...antioxidant.weka.cc
https://www.ebi.ac.uk/chembl/target/browser	https...www.ebi.ac.uk.chembl.target.browser
http://dlab.cl/loto	http...dlab.cl.loto
http://fich.unl.edu.ar/sinc/webdemo/gamma-am/	http...fich.unl.edu.ar.sinc.webdemo.gamma-am
http://www.kingsfund.org.uk/ebcd/index.html	http...www.kingsfund.org.uk.ebcd.index.html
http://mome-clic.com	http...mome-clic.com
http://sparks-lab.org/SPINE-D/	http...sparks-lab.org.SPINE-D
http://osdb.info/	http...osdb.info
http://crdd.osdd.net/raghava/peplife	http...crdd.osdd.net.raghava.peplife
https://photosynq.org	https...photosynq.org
http://mostafa.ut.ac.ir/ESD-Fold/	http...mostafa.ut.ac.ir.ESD-Fold
http://www.bio-bigdata.net/nsdna/	http...www.bio-bigdata.net.nsdna
http://denovo-db.gs.washington.edu	http...denovo-db.gs.washington.edu
http://l1base.charite.de	http...l1base.charite.de
http://chm.moew.government.bg	http...chm.moew.government.bg
http://www.wapps-hemo.org	http...www.wapps-hemo.org
http://www.bioinformatics.nl/Ara	http...www.bioinformatics.nl.Ara
https://bbric-pipelines.toulouse.inra.fr/myGenomeBrowser	https...bbric-pipelines.toulouse.inra.fr.myGenomeBrowser
http://cbdm-01.zdv.uni-mainz.de/~munoz/polyx	http...cbdm-01.zdv.uni-mainz.de.~munoz.polyx
http://progenomes.embl.de	http...progenomes.embl.de
http://cys.bios.niu.edu/pHMM-Tree/source/	http...cys.bios.niu.edu.pHMM-Tree.source
https://cluspro.org	https...cluspro.org
http://pbrowse.victorchang.edu.au	http...pbrowse.victorchang.edu.au
http://www.researchdsf.unict.it/S2RSLDB	http...www.researchdsf.unict.it.S2RSLDB
http://www.semantic-systems-biology.org/tools/externaltools/	http...www.semantic-systems-biology.org.tools.externaltools
http://trypsNetDB.org	http...trypsNetDB.org
http://bioinformatics.csu.edu.cn/ldap	http...bioinformatics.csu.edu.cn.ldap
http://bioinf.scmb.uq.edu.au/phosphopick/snp	http...bioinf.scmb.uq.edu.au.phosphopick.snp
http://cwtung.kmu.edu.tw/skinsensdb	http...cwtung.kmu.edu.tw.skinsensdb
http://bioinformatics-ua.github.io/scaleus/	http...bioinformatics-ua.github.io.scaleus
https://unam-shiny-difacquim.shinyapps.io/ActLSmaps	https...unam-shiny-difacquim.shinyapps.io.ActLSmaps
http://sbu-bmi.github.io/imagebox://sbu-bmi.github.io/imagebox	http...sbu-bmi.github.io.imagebox...sbu-bmi.github.io.imagebox
http://childrensheartsurgery.info/	http...childrensheartsurgery.info
http://genomevolution.org/coge/SynMap.pl	http...genomevolution.org.coge.SynMap.pl
http://www.cbs.dtu.dk/services/furIOS-1.0/	http...www.cbs.dtu.dk.services.furIOS-1.0
http://phagesdb.org/	http...phagesdb.org
http://galaxy.seoklab.org/homomer	http...galaxy.seoklab.org.homomer
http://www.cbs.dtu.dk/services/GibbsCluster-2.0	http...www.cbs.dtu.dk.services.GibbsCluster-2.0
http://www.smsocialnetwork.com	http...www.smsocialnetwork.com
http://kiharalab.org/software.php	http...kiharalab.org.software.php
http://maplab.cat/chainy	http...maplab.cat.chainy
http://bioserv.rpbs.univ-paris-diderot.fr/services/pepATTRACT	http...bioserv.rpbs.univ-paris-diderot.fr.services.pepATTRACT
http://www.atgc-montpellier.fr/phyml-sms/	http...www.atgc-montpellier.fr.phyml-sms
http://zhanglab.ccmb.med.umich.edu/I-TASSER-MR	http...zhanglab.ccmb.med.umich.edu.I-TASSER-MR
https://pathview.uncc.edu/	https...pathview.uncc.edu
http://zhanglab.ccmb.med.umich.edu/ThreaDomEx	http...zhanglab.ccmb.med.umich.edu.ThreaDomEx
http://cpc2.cbi.pku.edu.cn	http...cpc2.cbi.pku.edu.cn
http://bioinformatics.cs.vt.edu/expresso/	http...bioinformatics.cs.vt.edu.expresso
http://crispr.nrihub.org	http...crispr.nrihub.org
http://www.glycanstructure.org	http...www.glycanstructure.org
http://shiny.bioinf.wehi.edu.au/freytag.s/	http...shiny.bioinf.wehi.edu.au.freytag.s
http://www.sport-sante.lu	http...www.sport-sante.lu
http://www.jci-bioinfo.cn/iRNA-2methyl	http...www.jci-bioinfo.cn.iRNA-2methyl
http://bioinfo.bjmu.edu.cn/huac/	http...bioinfo.bjmu.edu.cn.huac
http://stemma.ahc.umn.edu/optisample	http...stemma.ahc.umn.edu.optisample
http://crdd.osdd.net/raghava/thpdb/	http...crdd.osdd.net.raghava.thpdb
http://www.TearFilm.org	http...www.TearFilm.org
http://www.jci-bioinfo.cn/pLoc-mEuk/	http...www.jci-bioinfo.cn.pLoc-mEuk
http://lynx.cri.uchicago.edu	http...lynx.cri.uchicago.edu
http://www.comparativego.com	http...www.comparativego.com
http://dockground.compbio.ku.edu	http...dockground.compbio.ku.edu
https://daniellyz200608105.shinyapps.io/OligoNet/	https...daniellyz200608105.shinyapps.io.OligoNet
http://www.srtr.org	http...www.srtr.org
http://shtest.evrogen.net/rdmlEdit/	http...shtest.evrogen.net.rdmlEdit
http://fathmm.biocompute.org.uk/fathmm-xf/	http...fathmm.biocompute.org.uk.fathmm-xf
http://lms.snu.edu.in/TM-Aligner/	http...lms.snu.edu.in.TM-Aligner
http://meilerlab.org/q1varpred	http...meilerlab.org.q1varpred
https://www.cpib.ac.uk/anther/riceindex.html	https...www.cpib.ac.uk.anther.riceindex.html
https://gvolante.riken.jp	https...gvolante.riken.jp
http://cis.hku.hk/CR2Cancer	http...cis.hku.hk.CR2Cancer
http://bioinformatics.psb.ugent.be/triforc/	http...bioinformatics.psb.ugent.be.triforc
https://kuppal.shinyapps.io/xmwas	https...kuppal.shinyapps.io.xmwas
http://bioinformatics.hitsz.edu.cn/ProtDec-LTR2.0/	http...bioinformatics.hitsz.edu.cn.ProtDec-LTR2.0
http://vizport.io/vizgvar	http...vizport.io.vizgvar
http://brl.uiu.ac.bd/iDNAProt-ES/	http...brl.uiu.ac.bd.iDNAProt-ES
http://www.herbalckd.com	http...www.herbalckd.com
http://www.xjtlu.edu.cn/metdb2	http...www.xjtlu.edu.cn.metdb2
https://www.ebi.ac.uk/merops	https...www.ebi.ac.uk.merops
http://pinapl-py.ucsd.edu	http...pinapl-py.ucsd.edu
https://singularity-hub.org	https...singularity-hub.org
http://enalos.insilicotox.com/K562	http...enalos.insilicotox.com.K562
https://kleintools.hms.harvard.edu/tools/spring.html	https...kleintools.hms.harvard.edu.tools.spring.html
https://arageno.gmi.oeaw.ac.at	https...arageno.gmi.oeaw.ac.at
http://tools.iedb.org/auto_bench/mhcii/weekly/	http...tools.iedb.org.auto_bench.mhcii.weekly
http://chemotext.mml.unc.edu	http...chemotext.mml.unc.edu
https://quantitativelab.fhs.umac.mo/analytic-tool/	https...quantitativelab.fhs.umac.mo.analytic-tool
http://www.aminode.org	http...www.aminode.org
https://g2s.genomenexus.org	https...g2s.genomenexus.org
http://shinygispa.winship.emory.edu/shinyGISPA/	http...shinygispa.winship.emory.edu.shinyGISPA
http://cgma.scu.edu.cn/MethCNA	http...cgma.scu.edu.cn.MethCNA
https://cge.cbs.dtu.dk/services/SCCmecFinder	https...cge.cbs.dtu.dk.services.SCCmecFinder
https://pitgroup.org/seclaf/	https...pitgroup.org.seclaf
http://www.bonebase.org	http...www.bonebase.org
http://iFeature.erc.monash.edu/	http...iFeature.erc.monash.edu
https://soft.dezyme.com/	https...soft.dezyme.com
http://cplp-tb.ff.ulisboa.pt	http...cplp-tb.ff.ulisboa.pt
http://nihr.ac.uk/news-and-events/documents/quotes.xls	http...nihr.ac.uk.news-and-events.documents.quotes.xls
http://www.regiosqm.org	http...www.regiosqm.org
http://rochesterproject.org/portal/	http...rochesterproject.org.portal
http://spirpepapp.sbi.kmutt.ac.th	http...spirpepapp.sbi.kmutt.ac.th
http://www.actrec.gov.in:8080/pdzscape	http...www.actrec.gov.in.8080.pdzscape
http://busca.biocomp.unibo.it	http...busca.biocomp.unibo.it
https://www.lisanwanglab.org/SPAR	https...www.lisanwanglab.org.SPAR
http://repharma.pku.edu.cn/cavityplus	http...repharma.pku.edu.cn.cavityplus
http://txnet.hgc.jp/	http...txnet.hgc.jp
http://www.pancreatic-anastomosis.com	http...www.pancreatic-anastomosis.com
http://www.color-vision-test.info	http...www.color-vision-test.info
https://metahmm.pitgroup.org	https...metahmm.pitgroup.org
http://bioportal.lirmm.fr/ncbo_annotatorplus	http...bioportal.lirmm.fr.ncbo_annotatorplus
http://202.119.249.49	http...202.119.249.49
http://reference-midori.info/server.php	http...reference-midori.info.server.php
http://bestsel.elte.hu	http...bestsel.elte.hu
https://xkcd.com/simplewriter/	https...xkcd.com.simplewriter
http://wap-lab.org:3200/immune/	http...wap-lab.org.3200.immune
https://listeriomics.pasteur.fr	https...listeriomics.pasteur.fr
http://www.specalyzer.org	http...www.specalyzer.org
http://lin-group.cn/server/iRSpot-Pse6NC	http...lin-group.cn.server.iRSpot-Pse6NC
http://www.citogenetica.ufes.br	http...www.citogenetica.ufes.br
https://CalRapp.org/	https...CalRapp.org
http://www.biocloudservice.com	http...www.biocloudservice.com
http://cys.bios.niu.edu/dbCAN_seq	http...cys.bios.niu.edu.dbCAN_seq
http://rna.tbi.univie.ac.at/trackhubs/#RNAz	http...rna.tbi.univie.ac.at.trackhubs.#RNAz
http://asgart.irit.fr	http...asgart.irit.fr
http://bioinformatics.cing.ac.cy/PathwayConnector	http...bioinformatics.cing.ac.cy.PathwayConnector
http://www.esccatlas.org	http...www.esccatlas.org
https://mullinslab.microbiol.washington.edu/isdb/	https...mullinslab.microbiol.washington.edu.isdb
http://www.picb.ac.cn/rnomics/circpedia	http...www.picb.ac.cn.rnomics.circpedia
http://lin-group.cn/server/iRNA	http...lin-group.cn.server.iRNA
http://www.shadetreeadvice.org	http...www.shadetreeadvice.org
http://bioinfo.iconcologia.net/SNPstats	http...bioinfo.iconcologia.net.SNPstats
http://www.famclurank.top	http...www.famclurank.top
https://metwork.pharmacie.parisdescartes.fr	https...metwork.pharmacie.parisdescartes.fr
http://www.postoppain.org	http...www.postoppain.org
http://www.glycosciences.de/database/	http...www.glycosciences.de.database
https://bisamp.dkfz.de	https...bisamp.dkfz.de
http://ancestralgenomes.org	http...ancestralgenomes.org
http://www.csbio.sjtu.edu.cn/bioinf/MemBrain/	http...www.csbio.sjtu.edu.cn.bioinf.MemBrain
http://bioinformatics.hitsz.edu.cn/HITS-PR-HHblits	http...bioinformatics.hitsz.edu.cn.HITS-PR-HHblits
http://www.sbp.aku.edu.tr	http...www.sbp.aku.edu.tr
https://www.ebi.ac.uk/gxa/sc/	https...www.ebi.ac.uk.gxa.sc
https://www.j-platpat.inpit.go.jp/web/all/top/BTmTopEnglishPage	https...www.j-platpat.inpit.go.jp.web.all.top.BTmTopEnglishPage
http://compgen.cshl.edu/phastweb/	http...compgen.cshl.edu.phastweb
http://www.mobioinfor.cn/presyncodon_www/index.html	http...www.mobioinfor.cn.presyncodon_www.index.html
http://www.bioinfotech.cn/SFPEL-LPI/	http...www.bioinfotech.cn.SFPEL-LPI
https://discover.nci.nih.gov/cellminercdb/	https...discover.nci.nih.gov.cellminercdb
http://www.jci-bioinfo.cn/pLoc_bal-mEuk/	http...www.jci-bioinfo.cn.pLoc_bal-mEuk
http://shiny-vis.qcri.org/public/kinvis/	http...shiny-vis.qcri.org.public.kinvis
http://www.cbrc.kaust.edu.sa/PromID/	http...www.cbrc.kaust.edu.sa.PromID
http://lin-group.cn/server/i6mA-Pred	http...lin-group.cn.server.i6mA-Pred
http://www.atgc-montpellier.fr/aquapony/	http...www.atgc-montpellier.fr.aquapony
http://labs.oicr.on.ca/boutros-lab/software/bpg	http...labs.oicr.on.ca.boutros-lab.software.bpg
http://npscout.zbh.uni-hamburg.de/npscout	http...npscout.zbh.uni-hamburg.de.npscout
http://schuellerlab.org/dr_sasa/	http...schuellerlab.org.dr_sasa
https://www.grhanite.com/	https...www.grhanite.com
http://www.Phytophthora-ID.org	http...www.Phytophthora-ID.org
https://mars.jrc.ec.europa.eu/asap/	https...mars.jrc.ec.europa.eu.asap
https://www.hhs.gov/ohrp/regulations-and-policy/regulations/common-rule/index.html	https...www.hhs.gov.ohrp.regulations-and-policy.regulations.common-rule.index.html
http://faerun.gdb.tools	http...faerun.gdb.tools
http://bmbl.sdstate.edu/MFR	http...bmbl.sdstate.edu.MFR
http://www.ebd.ada	http...www.ebd.ada
http://www.eumicrobedb.org/cglab	http...www.eumicrobedb.org.cglab
http://bioinfo.ahu.edu.cn:8080/PrPDH	http...bioinfo.ahu.edu.cn.8080.PrPDH
http://www.hlnug.de	http...www.hlnug.de
http://www.medscinet.com/samba	http...www.medscinet.com.samba
https://biokinet.belozersky.msu.ru/casbench	https...biokinet.belozersky.msu.ru.casbench
http://MRPrimerW2.com	http...MRPrimerW2.com
http://www.stomata.science/	http...www.stomata.science
https://zhanglab.ccmb.med.umich.edu/ResPRE	https...zhanglab.ccmb.med.umich.edu.ResPRE
https://domainworld-services.uni-muenster.de/dogma/	https...domainworld-services.uni-muenster.de.dogma
http://huanglab.phys.hust.edu.cn/mprdock/	http...huanglab.phys.hust.edu.cn.mprdock
https://apps.gerkelab.com/epiTAD/	https...apps.gerkelab.com.epiTAD
http://anchoredmultiplier.ucsf.edu/	http...anchoredmultiplier.ucsf.edu
http://deckard.duhs.duke.edu/~ai-ti-rads	http...deckard.duhs.duke.edu.~ai-ti-rads
https://pro-hunter.bgi.com/	https...pro-hunter.bgi.com
http://web.x3dna.org	http...web.x3dna.org
http://www.genesculpt.org	http...www.genesculpt.org
https://www.iitm.ac.in/bioinfo/SBFE/index.html	https...www.iitm.ac.in.bioinfo.SBFE.index.html
http://codes.bio/hivcor/	http...codes.bio.hivcor
https://eforge.altiusinstitute.org	https...eforge.altiusinstitute.org
http://www.rnabinding.com/P3DOCK/P3DOCK.html	http...www.rnabinding.com.P3DOCK.P3DOCK.html
http://mutpred.mutdb.org/	http...mutpred.mutdb.org
https://www.metaseek.cloud/	https...www.metaseek.cloud
https://safetka.net	https...safetka.net
http://www.d3pharma.com/D3Pocket/index.php	http...www.d3pharma.com.D3Pocket.index.php
http://satqpcr.sophia.inra.fr/cgi/help.cgi	http...satqpcr.sophia.inra.fr.cgi.help.cgi
http://seacr.fredhutch.org	http...seacr.fredhutch.org
http://biophy.dzu.edu.cn/lncrnapred/index.html	http...biophy.dzu.edu.cn.lncrnapred.index.html
http://cgm.sjtu.edu.cn/hupan/	http...cgm.sjtu.edu.cn.hupan
https://home.jbnu.ac.kr/NSCL/dsc.htm	https...home.jbnu.ac.kr.NSCL.dsc.htm
http://pengaroo.erc.monash.edu/	http...pengaroo.erc.monash.edu
http://biosoft.kaist.ac.kr/etm	http...biosoft.kaist.ac.kr.etm
http://www.chinesereadability.net/LexicalAssociation/CLAD/	http...www.chinesereadability.net.LexicalAssociation.CLAD
https://db.yaozh.com/	https...db.yaozh.com
http://www.mededu.or.kr	http...www.mededu.or.kr
http://apps.cytoscape.org/apps/cytargetlinker	http...apps.cytoscape.org.apps.cytargetlinker
https://melad.ddtmlab.org	https...melad.ddtmlab.org
http://47.100.203.218:3389/home.html/	http...47.100.203.218.3389.home.html
http://thegleelab.org/SDM6A	http...thegleelab.org.SDM6A
https://ietd.epistemonikos.org/	https...ietd.epistemonikos.org
http://lin-group.cn/server/iRNA-m7G/	http...lin-group.cn.server.iRNA-m7G
https://archaea.i2bc.paris-saclay.fr/wasps/	https...archaea.i2bc.paris-saclay.fr.wasps
http://www.procarbdb.science/procarb	http...www.procarbdb.science.procarb
https://machinelearning-protein.qcri.org/	https...machinelearning-protein.qcri.org
https://web.rniapps.net/evimass	https...web.rniapps.net.evimass
http://bioinformatics.biol.uoa.gr/db=permemdb	http...bioinformatics.biol.uoa.gr.db=permemdb
http://www.genemed.tech/gene4denovo/	http...www.genemed.tech.gene4denovo
http://www.cometsc.com/	http...www.cometsc.com
http://www.ageguess.org	http...www.ageguess.org
https://discover.dc.nihr.ac.uk/content/signal-000784/irritable-bowel-syndrome-helped-by-telephone-or-internet-cbt	https...discover.dc.nihr.ac.uk.content.signal-000784.irritable-bowel-syndrome-helped-by-telephone-or-internet-cbt
https://bioinfo.cristal.univ-lille.fr/norine/	https...bioinfo.cristal.univ-lille.fr.norine
http://www.partneringforpain.com	http...www.partneringforpain.com
http://biocc.hrbmu.edu.cn/LncTarD/	http...biocc.hrbmu.edu.cn.LncTarD
http://bliulab.net/DeepDRBP-2L	http...bliulab.net.DeepDRBP-2L
https://paramecium.i2bc.paris-saclay.fr	https...paramecium.i2bc.paris-saclay.fr
http://kiharalab.org/dove/	http...kiharalab.org.dove
http://syntenybrowser.jax.org/	http...syntenybrowser.jax.org
http://bionlp.bcgsc.ca/civicmine/	http...bionlp.bcgsc.ca.civicmine
http://seqBEACON.genomics.cn:443/home.html	http...seqBEACON.genomics.cn.443.home.html
https://genepanel.iobio.io	https...genepanel.iobio.io
http://eslahchilab.ir/softwares/dmn	http...eslahchilab.ir.softwares.dmn
http://jicbio.nbi.ac.uk/berries	http...jicbio.nbi.ac.uk.berries
http://bioinformatics.fafu.edu.cn/RSRS	http...bioinformatics.fafu.edu.cn.RSRS
http://phanstiel-lab.med.unc.edu/coralp	http...phanstiel-lab.med.unc.edu.coralp
http://niulab.scgrid.cn/gclust	http...niulab.scgrid.cn.gclust
https://balas.app	https...balas.app
http://www.sandsc.org	http...www.sandsc.org
https://crosscontinencebr.wixsite.com/crosscontinencebr	https...crosscontinencebr.wixsite.com.crosscontinencebr
http://consensx.itk.ppke.hu	http...consensx.itk.ppke.hu
http://www.lactamap.com	http...www.lactamap.com
http://cancerwebpa.jefferson.edu/iSeqQC	http...cancerwebpa.jefferson.edu.iSeqQC
http://www.btrads.com	http...www.btrads.com
https://foxden.michaeljfox.org	https...foxden.michaeljfox.org
http://design.rxnfinder.org/bio2rxn/	http...design.rxnfinder.org.bio2rxn
http://nc2eye.bio-data.cn/	http...nc2eye.bio-data.cn
http://ecalibrator.bi.up.ac.za	http...ecalibrator.bi.up.ac.za
https://ulbbf.shinyapps.io/pwst/	https...ulbbf.shinyapps.io.pwst
http://csbl.bmb.uga.edu/CaMeRe/	http...csbl.bmb.uga.edu.CaMeRe
http://enaloscloud.novamechanics.com/EnalosWebApps/ZetaPotential/	http...enaloscloud.novamechanics.com.EnalosWebApps.ZetaPotential
https://vm1138.kaj.pouta.csc.fi/webgqt/	https...vm1138.kaj.pouta.csc.fi.webgqt
http://bit.ly/hemoquest	http...bit.ly.hemoquest
http://www.marmotdb.org/	http...www.marmotdb.org
http://cospi.iiserpune.ac.in/pizsa/Download/Download.html	http...cospi.iiserpune.ac.in.pizsa.Download.Download.html
http://www.lsugenomics.org	http...www.lsugenomics.org
http://cbblab.siat.ac.cn/DeepBindPoc/index.php	http...cbblab.siat.ac.cn.DeepBindPoc.index.php
http://supramap.org	http...supramap.org
http://bardet.u-strasbg.fr/tfmotifview/	http...bardet.u-strasbg.fr.tfmotifview
http://app.foroughmand.ir/cpssm/	http...app.foroughmand.ir.cpssm
https://forum.qiime2.org	https...forum.qiime2.org
http://server.malab.cn/Deep4mcPred	http...server.malab.cn.Deep4mcPred
http://bioinfo.nankai.edu.cn/gdasc.php	http...bioinfo.nankai.edu.cn.gdasc.php
https://www.sys-myo.com/myominer	https...www.sys-myo.com.myominer
http://www.cbs.dtu.dk/services/NetMHCIIpan-4.0/	http...www.cbs.dtu.dk.services.NetMHCIIpan-4.0
https://bmbl.bmi.osumc.edu/iris3/	https...bmbl.bmi.osumc.edu.iris3
https://www.mirecc.va.gov/VISN16/ptsd-and-mtbi-pocket-card.asp	https...www.mirecc.va.gov.VISN16.ptsd-and-mtbi-pocket-card.asp
http://www.rxnfinder.org/FADB-China/	http...www.rxnfinder.org.FADB-China
http://www.vision-research.co.uk	http...www.vision-research.co.uk
https://osf.io/n6whd/	https...osf.io.n6whd
https://www.dgthg.de/de/GERAADA_Score	https...www.dgthg.de.de.GERAADA_Score
http://www.iadmfr.one	http...www.iadmfr.one
http://39.96.85.9/PPAI	http...39.96.85.9.PPAI
http://www.n95decon.org	http...www.n95decon.org
https://www.predictliverfat.org/	https...www.predictliverfat.org
http://papers.genomics.lbl.gov/gaps	http...papers.genomics.lbl.gov.gaps
http://csb.cse.yzu.edu.tw/SuccSite/	http...csb.cse.yzu.edu.tw.SuccSite
http://www.fetaldose.org	http...www.fetaldose.org
http://epivizfileserver.rtfd.io	http...epivizfileserver.rtfd.io
https://provision.shinyapps.io/provision/	https...provision.shinyapps.io.provision
http://gpcrmd.org/	http...gpcrmd.org
https://wenmr.science.uu.nl/proabc2/	https...wenmr.science.uu.nl.proabc2
https://jspsychophysics.hes.kyushu-u.ac.jp	https...jspsychophysics.hes.kyushu-u.ac.jp
https://analytics.iasoybeans.com/cool-apps/ISOFAST/	https...analytics.iasoybeans.com.cool-apps.ISOFAST
https://gjy3035.github.io/NWPU-Crowd-Sample-Code/	https...gjy3035.github.io.NWPU-Crowd-Sample-Code
https://data.ess-dive.lbl.gov/view/doi:10.15485/1484811	https...data.ess-dive.lbl.gov.view.doi.10.15485.1484811
http://www.immunoglobe.org	http...www.immunoglobe.org
https://www.cbligand.org/g/pain-ckb	https...www.cbligand.org.g.pain-ckb
https://mstools.epfl.ch/am2s/	https...mstools.epfl.ch.am2s
https://project.iith.ac.in/cdnuss/	https...project.iith.ac.in.cdnuss
http://hybridsucc.biocuckoo.org/	http...hybridsucc.biocuckoo.org
http://biosig.unimelb.edu.au/dynamut2	http...biosig.unimelb.edu.au.dynamut2
http://EXPath.itps.ncku.edu.tw	http...EXPath.itps.ncku.edu.tw
https://data.oncomx.org/covid19	https...data.oncomx.org.covid19
http://www.webflags.se/	http...www.webflags.se
http://www.eric-projekt.net	http...www.eric-projekt.net
http://www.tobaccoinfo.com.cn/	http...www.tobaccoinfo.com.cn
http://slsdb.manipal.edu/dinax	http...slsdb.manipal.edu.dinax
http://www.lncrnakb.org/	http...www.lncrnakb.org
https://covirus.cc/drugs/	https...covirus.cc.drugs
https://www.cardiodb.org/cardioboost/	https...www.cardiodb.org.cardioboost
https://mgedb.comp-sysbio.org	https...mgedb.comp-sysbio.org
http://www.microRNA.org	http...www.microRNA.org
http://121.41.229.126:3838/bnasnpdb	http...121.41.229.126.3838.bnasnpdb
http://ssbio.cau.ac.kr/software/bbb	http...ssbio.cau.ac.kr.software.bbb
https://conjupepdb.ttk.hu/	https...conjupepdb.ttk.hu
https://webs.iiitd.edu.in/raghava/coronavir/	https...webs.iiitd.edu.in.raghava.coronavir
http://tcm.zju.edu.cn/celltalkdb	http...tcm.zju.edu.cn.celltalkdb
https://glycopost.glycosmos.org/	https...glycopost.glycosmos.org
http://www.DHSprogram.com	http...www.DHSprogram.com
https://opendata.ncats.nih.gov/covid19/index.html	https...opendata.ncats.nih.gov.covid19.index.html
http://rotprof.lncc.br	http...rotprof.lncc.br
http://gp4.hpc.rug.nl/	http...gp4.hpc.rug.nl
https://sophie2020.eu/	https...sophie2020.eu
http://lmc.uab.es/grindb	http...lmc.uab.es.grindb
http://www.tccmontreal.com	http...www.tccmontreal.com
http://bioinfo.zju.edu.cn/KVarPredDB	http...bioinfo.zju.edu.cn.KVarPredDB
http://www.xdu-duan.cn/	http...www.xdu-duan.cn
http://lmmd.ecust.edu.cn/metaadedb/	http...lmmd.ecust.edu.cn.metaadedb
https://lbs.cent.uw.edu.pl/samcc_turbo	https...lbs.cent.uw.edu.pl.samcc_turbo
https://mae.crc.med.lu.se/mae2	https...mae.crc.med.lu.se.mae2
http://octad.org	http...octad.org
https://multi-scattering.com/	https...multi-scattering.com
https://deepimmuno.herokuapp.com	https...deepimmuno.herokuapp.com
https://gitlab.univ-nantes.fr/combi-ls2n/mibiomics	https...gitlab.univ-nantes.fr.combi-ls2n.mibiomics
http://hgfdb.ynau.edu.cn/	http...hgfdb.ynau.edu.cn
https://bit.ly/craigplot	https...bit.ly.craigplot
http://lab.malab.cn/~lijing/HSM6AP.html	http...lab.malab.cn.~lijing.HSM6AP.html
http://babylone.ulb.ac.be/SWOTein/	http...babylone.ulb.ac.be.SWOTein
https://www.dzif.de/en/working-group/transplant-cohort	https...www.dzif.de.en.working-group.transplant-cohort
https://web.iitm.ac.in/bioinfo2/CanProSite/	https...web.iitm.ac.in.bioinfo2.CanProSite
http://121.5.71.120/mscDPB/	http...121.5.71.120.mscDPB
https://rth.dk/resources/bsgatlas/	https...rth.dk.resources.bsgatlas
https://coph-usf.shinyapps.io/RANDOMIZE/	https...coph-usf.shinyapps.io.RANDOMIZE
http://bioinformatics.med.uoc.gr/unired/	http...bioinformatics.med.uoc.gr.unired
https://viralhostrangedb.pasteur.cloud	https...viralhostrangedb.pasteur.cloud
http://www.colletotrichum.org/	http...www.colletotrichum.org
http://www.csbio.sjtu.edu.cn/bioinf/lncLocator2	http...www.csbio.sjtu.edu.cn.bioinf.lncLocator2
https://ms-utils.org/LinX	https...ms-utils.org.LinX
https://www.spine.org/Research-Clinical-Care/Quality-Improvement/Appropriate-Use-Criteria	https...www.spine.org.Research-Clinical-Care.Quality-Improvement.Appropriate-Use-Criteria
http://sites.gatech.edu/cssb/FRAGSITE	http...sites.gatech.edu.cssb.FRAGSITE
https://omnipathdb.org/	https...omnipathdb.org
http://bliulab.net/IDRBP-PPCT	http...bliulab.net.IDRBP-PPCT
https://kur1sutaru.github.io/fantastic_databases_and_where_to_find_them/	https...kur1sutaru.github.io.fantastic_databases_and_where_to_find_them
https://folding.biofold.org/thermoscan	https...folding.biofold.org.thermoscan
http://bioinformatics.csu.edu.cn/DGP/NID.jsp	http...bioinformatics.csu.edu.cn.DGP.NID.jsp
https://talkbank.org/	https...talkbank.org
https://checkmyblob.bioreproducibility.org	https...checkmyblob.bioreproducibility.org
http://bit.do/mRC_surv	http...bit.do.mRC_surv
http://maisen.ddlemb.com	http...maisen.ddlemb.com
https://www.dsimb.inserm.fr/MEDUSA	https...www.dsimb.inserm.fr.MEDUSA
https://idsm.elixir-czech.cz/chemweb/	https...idsm.elixir-czech.cz.chemweb
http://pharmsd.computpharm.org	http...pharmsd.computpharm.org
http://cpag.oit.duke.edu	http...cpag.oit.duke.edu
https://gutsmash.bioinformatics.nl/	https...gutsmash.bioinformatics.nl
https://voineagulab.github.io/NeuroCirc/	https...voineagulab.github.io.NeuroCirc
http://g2pdeep.org	http...g2pdeep.org
http://benviewer.bmeonline.cn	http...benviewer.bmeonline.cn
https://www.covid19questions.org	https...www.covid19questions.org
http://www.vxcommunity.com	http...www.vxcommunity.com
http://www.multipletesting.com	http...www.multipletesting.com
https://www.myvivainc.com/	https...www.myvivainc.com
http://imath.med.ucm.es/exopred/	http...imath.med.ucm.es.exopred
https://preadmet.bmdrc.kr/activitycoefficient_mainpage/prediction/	https...preadmet.bmdrc.kr.activitycoefficient_mainpage.prediction
http://mutaframe.com/	http...mutaframe.com
https://uk-reach.org/	https...uk-reach.org
https://aliasgharheidari.com	https...aliasgharheidari.com
https://bcam.hzau.edu.cn/BtToxin_Digger	https...bcam.hzau.edu.cn.BtToxin_Digger
https://pypka.org	https...pypka.org
http://copan.cifn.unam.mx/Computational_Biology/	http...copan.cifn.unam.mx.Computational_Biology
